{"initial_reset_timestamp": 1588728210.1676762, "timestamps": [1588728216.4281704, 1588728220.4163234, 1588728225.0425084, 1588728228.6065137, 1588728234.1027231, 1588728240.4547975, 1588728244.3450253], "episode_lengths": [838, 577, 724, 582, 866, 957, 592], "episode_rewards": [2.0, 0.0, 1.0, 0.0, 2.0, 2.0, 0.0], "episode_types": ["t", "t", "t", "t", "t", "t", "t", "t"]}