{"initial_reset_timestamp": 1588725544.9675636, "timestamps": [1588725551.2968404, 1588725557.111647, 1588725565.2817223, 1588725570.0624502], "episode_lengths": [750, 526, 950, 599], "episode_rewards": [1.0, 0.0, 2.0, 0.0], "episode_types": ["t", "t", "t", "t", "t"]}