{"initial_reset_timestamp": 1588729147.9834783, "timestamps": [1588729156.3077896, 1588729162.8971047], "episode_lengths": [1349, 1086], "episode_rewards": [6.0, 4.0], "episode_types": ["t", "t", "t"]}