{"initial_reset_timestamp": 1588729377.4879675, "timestamps": [1588729383.1453264], "episode_lengths": [589], "episode_rewards": [0.0], "episode_types": ["t", "t"]}