{"initial_reset_timestamp": 1588727088.9957767, "timestamps": [1588727098.5865595], "episode_lengths": [876], "episode_rewards": [2.0], "episode_types": ["t", "t"]}