{"initial_reset_timestamp": 1588725612.1435263, "timestamps": [1588725622.9547172, 1588725627.6057482, 1588725634.2511017, 1588725643.3857112, 1588725649.6009285, 1588725658.906556, 1588725668.2927287, 1588725677.7512708, 1588725685.6062212], "episode_lengths": [1043, 557, 841, 1073, 841, 1050, 930, 953, 802], "episode_rewards": [3.0, 0.0, 2.0, 3.0, 2.0, 3.0, 2.0, 2.0, 1.0], "episode_types": ["t", "t", "t", "t", "t", "t", "t", "t", "t", "t"]}